{
  "experiment_name": "model_comparison_groq_k5_dense_few_shot",
  "config": {
    "use_rag": true,
    "retrieval_method": "dense",
    "k": 5,
    "llm": "groq:llama-3.1-8b-instant",
    "use_few_shot": true
  },
  "timestamp": "2026-02-16T15:48:25.936306",
  "total_questions": 1,
  "successful_queries": 1,
  "failed_queries": 0,
  "aggregated_metrics": {
    "latency_ms_mean": 960.5412483215332,
    "latency_ms_std": 0.0,
    "latency_ms_min": 960.5412483215332,
    "latency_ms_max": 960.5412483215332,
    "latency_ms_median": 960.5412483215332,
    "num_chunks_mean": 1.0,
    "num_chunks_std": 0.0,
    "num_chunks_min": 1.0,
    "num_chunks_max": 1.0,
    "num_chunks_median": 1.0,
    "tokens_used_mean": 1287.0,
    "tokens_used_std": 0.0,
    "tokens_used_min": 1287.0,
    "tokens_used_max": 1287.0,
    "tokens_used_median": 1287.0,
    "bertscore_precision_mean": 0.558430552482605,
    "bertscore_precision_std": 0.0,
    "bertscore_precision_min": 0.558430552482605,
    "bertscore_precision_max": 0.558430552482605,
    "bertscore_precision_median": 0.558430552482605,
    "bertscore_recall_mean": 0.5793861746788025,
    "bertscore_recall_std": 0.0,
    "bertscore_recall_min": 0.5793861746788025,
    "bertscore_recall_max": 0.5793861746788025,
    "bertscore_recall_median": 0.5793861746788025,
    "bertscore_f1_mean": 0.5687154531478882,
    "bertscore_f1_std": 0.0,
    "bertscore_f1_min": 0.5687154531478882,
    "bertscore_f1_max": 0.5687154531478882,
    "bertscore_f1_median": 0.5687154531478882,
    "answer_relevancy_mean": 0.8973625142032539,
    "answer_relevancy_std": 0.0,
    "answer_relevancy_min": 0.8973625142032539,
    "answer_relevancy_max": 0.8973625142032539,
    "answer_relevancy_median": 0.8973625142032539,
    "faithfulness_mean": 1.0,
    "faithfulness_std": 0.0,
    "faithfulness_min": 1.0,
    "faithfulness_max": 1.0,
    "faithfulness_median": 1.0,
    "context_precision_mean": 0.9999999999,
    "context_precision_std": 0.0,
    "context_precision_min": 0.9999999999,
    "context_precision_max": 0.9999999999,
    "context_precision_median": 0.9999999999,
    "context_recall_mean": 0.3333333333333333,
    "context_recall_std": 0.0,
    "context_recall_min": 0.3333333333333333,
    "context_recall_max": 0.3333333333333333,
    "context_recall_median": 0.3333333333333333
  },
  "individual_results": [
    {
      "question_id": "q001",
      "question": "Quais os objetivos da Lei nº 15.270, de 2025?",
      "answer_full": "Os principais objetivos da Lei nº 15.270, de 2025, são:\n\n1. Reduzir o imposto sobre a renda devido nas bases de cálculo mensal e anual;\n2. Instituir a tributação mínima para as pessoas físicas que auferem altas rendas.\n\nEsses objetivos são mencionados no texto da Lei, que estabelece que a Lei visa \"instituir a redução do imposto sobre a renda devido nas bases de cálculo mensal e anual e a tributação mínima para as pessoas físicas que auferem altas rendas\".",
      "answer_core": "Os principais objetivos da Lei nº 15.270, de 2025, são:\n\n1. Reduzir o imposto sobre a renda devido nas bases de cálculo mensal e anual;\n2. Instituir a tributação mínima para as pessoas físicas que auferem altas rendas.\n\nEsses objetivos são mencionados no texto da Lei, que estabelece que a Lei visa \"instituir a redução do imposto sobre a renda devido nas bases de cálculo mensal e anual e a tributação mínima para as pessoas físicas que auferem altas rendas\".",
      "ground_truth": "A Lei nº 15.270, de 2025, decorre da aprovação do Projeto de Lei nº 1.087, de 2025, de iniciativa do Poder Executivo. A Lei traz alterações na legislação do Imposto de Renda da Pessoa Física para ampliar a faixa de isenção e reduzir a carga tributária sobre rendas baixas e médias, ao mesmo tempo em que institui uma tributação mínima sobre rendas elevadas. O objetivo é tornar o sistema tributário mais progressivo e corrigir distorções de isonomia.",
      "chunks": [
        {
          "id": "e9a0fa0f64ce123f",
          "content": "## 📖 Texto Completo\n\nPresidência da República\nCasa Civil\nSecretaria Especial para Assuntos Jurídicos\n\nLEI\nNº 15.270, DE 26 DE NOVEMBRO DE 2025\n\nProdução de efeitos\nAltera a Lei nº 9.250, de 26 de dezembro de 1995, e a Lei nº 9.249, de\n26 de dezembro de 1995, para instituir a redução do imposto sobre a\nrenda devido nas bases de cálculo mensal e anual e a tributação mínima\npara as pessoas físicas que auferem altas rendas; e dá outras\nprovidências.\n\nO PRESIDENTE DA REPÚBLICA\nFaço saber que o Congresso Nacional decreta e eu sanciono a seguinte Lei:",
          "score": 0.7927810840347321,
          "metadata": {
            "chunk_index": 1,
            "chunk_method": "markdown_section",
            "collection": "irpf_2025",
            "filename": "L15270_processed.md",
            "indexed_at": "2026-02-15T21:56:25.631125",
            "processed_from": "markdown",
            "section": "## 📖 Texto Completo"
          }
        }
      ],
      "metrics": {
        "latency_ms": 960.5412483215332,
        "num_chunks": 1,
        "tokens_used": 1287,
        "bertscore_precision": 0.558430552482605,
        "bertscore_recall": 0.5793861746788025,
        "bertscore_f1": 0.5687154531478882,
        "answer_relevancy": 0.8973625142032539,
        "faithfulness": 1.0,
        "context_precision": 0.9999999999,
        "context_recall": 0.3333333333333333
      },
      "config": {
        "use_rag": true,
        "retrieval_method": "dense",
        "k": 5,
        "llm": "groq:llama-3.1-8b-instant",
        "use_few_shot": true
      },
      "category": "outros",
      "difficulty": "medio"
    }
  ]
}