{
  "experiment_type": "rag_vs_no_rag",
  "timestamp": "2026-02-16T02:47:21.019092",
  "total_experiments": 3,
  "experiments": [
    {
      "name": "rag_vs_no_rag_no_rag_baseline",
      "config": {
        "use_rag": false,
        "llm": "gemini-2.5-flash"
      },
      "metrics": {
        "latency_ms_mean": 9089.538145065308,
        "latency_ms_std": 1100.2265787930994,
        "latency_ms_min": 6312.5879764556885,
        "latency_ms_max": 10608.67953300476,
        "latency_ms_median": 9391.772031784058,
        "num_chunks_mean": 0.0,
        "num_chunks_std": 0.0,
        "num_chunks_min": 0.0,
        "num_chunks_max": 0.0,
        "num_chunks_median": 0.0,
        "tokens_used_mean": 488.6,
        "tokens_used_std": 176.66457860401258,
        "tokens_used_min": 81.0,
        "tokens_used_max": 869.0,
        "tokens_used_median": 516.0,
        "bertscore_precision_mean": 0.5202163288990657,
        "bertscore_precision_std": 0.08013618342002016,
        "bertscore_precision_min": 0.3104362487792969,
        "bertscore_precision_max": 0.6844119429588318,
        "bertscore_precision_median": 0.5274945795536041,
        "bertscore_recall_mean": 0.6159903546174367,
        "bertscore_recall_std": 0.031128510330535136,
        "bertscore_recall_min": 0.5261549353599548,
        "bertscore_recall_max": 0.6704583764076233,
        "bertscore_recall_median": 0.6195351779460907,
        "bertscore_f1_mean": 0.5604110062122345,
        "bertscore_f1_std": 0.05294498457095275,
        "bertscore_f1_min": 0.4029703736305237,
        "bertscore_f1_max": 0.6773633360862732,
        "bertscore_f1_median": 0.5655693411827087
      }
    },
    {
      "name": "rag_vs_no_rag_rag_dense",
      "config": {
        "use_rag": true,
        "retrieval_method": "dense",
        "k": 5,
        "llm": "gemini-2.5-flash"
      },
      "metrics": {
        "latency_ms_mean": 7309.302107493083,
        "latency_ms_std": 2680.446763810821,
        "latency_ms_min": 2447.464942932129,
        "latency_ms_max": 10806.315422058105,
        "latency_ms_median": 8550.376057624817,
        "num_chunks_mean": 3.7,
        "num_chunks_std": 1.6155494421403513,
        "num_chunks_min": 0.0,
        "num_chunks_max": 5.0,
        "num_chunks_median": 5.0,
        "tokens_used_mean": 211.13333333333333,
        "tokens_used_std": 174.28362580065354,
        "tokens_used_min": 58.0,
        "tokens_used_max": 704.0,
        "tokens_used_median": 134.0,
        "bertscore_precision_mean": 0.575946107506752,
        "bertscore_precision_std": 0.08315455254572773,
        "bertscore_precision_min": 0.3175986111164093,
        "bertscore_precision_max": 0.7136054039001465,
        "bertscore_precision_median": 0.5822258591651917,
        "bertscore_recall_mean": 0.5918398429950078,
        "bertscore_recall_std": 0.051446341739861096,
        "bertscore_recall_min": 0.438595175743103,
        "bertscore_recall_max": 0.6620986461639404,
        "bertscore_recall_median": 0.5977810025215149,
        "bertscore_f1_mean": 0.5791741957267126,
        "bertscore_f1_std": 0.05317662922547781,
        "bertscore_f1_min": 0.4091791808605194,
        "bertscore_f1_max": 0.648390531539917,
        "bertscore_f1_median": 0.597525030374527,
        "answer_relevancy_mean": 0.48558000083449654,
        "answer_relevancy_std": 0.4089807363907431,
        "answer_relevancy_min": 0.0,
        "answer_relevancy_max": 0.8781790036430598,
        "answer_relevancy_median": 0.7702344089135567,
        "faithfulness_mean": 0.7901164125662364,
        "faithfulness_std": 0.21511965120599588,
        "faithfulness_min": 0.125,
        "faithfulness_max": 1.0,
        "faithfulness_median": 0.8,
        "context_precision_mean": 0.6486590037889479,
        "context_precision_std": 0.3963720510035366,
        "context_precision_min": 0.0,
        "context_precision_max": 0.9999999999666667,
        "context_precision_median": 0.8333333332916666,
        "context_recall_mean": 0.3333333333333333,
        "context_recall_std": 0.3896407619482945,
        "context_recall_min": 0.0,
        "context_recall_max": 1.0,
        "context_recall_median": 0.16666666666666666
      }
    },
    {
      "name": "rag_vs_no_rag_rag_hybrid",
      "config": {
        "use_rag": true,
        "retrieval_method": "hybrid",
        "k": 5,
        "dense_weight": 0.7,
        "bm25_weight": 0.3,
        "llm": "gemini-2.5-flash"
      },
      "metrics": {
        "latency_ms_mean": 7326.201470692952,
        "latency_ms_std": 2444.342357768419,
        "latency_ms_min": 2725.093126296997,
        "latency_ms_max": 10902.576684951782,
        "latency_ms_median": 7952.202200889587,
        "num_chunks_mean": 5.0,
        "num_chunks_std": 0.0,
        "num_chunks_min": 5.0,
        "num_chunks_max": 5.0,
        "num_chunks_median": 5.0,
        "tokens_used_mean": 247.36666666666667,
        "tokens_used_std": 188.72386942008396,
        "tokens_used_min": 56.0,
        "tokens_used_max": 721.0,
        "tokens_used_median": 164.0,
        "bertscore_precision_mean": 0.5719444731871287,
        "bertscore_precision_std": 0.0876610035260634,
        "bertscore_precision_min": 0.3240720331668854,
        "bertscore_precision_max": 0.7154857516288757,
        "bertscore_precision_median": 0.5859459936618805,
        "bertscore_recall_mean": 0.5958731869856516,
        "bertscore_recall_std": 0.05404146527324571,
        "bertscore_recall_min": 0.4673646092414856,
        "bertscore_recall_max": 0.6971811056137085,
        "bertscore_recall_median": 0.6024073958396912,
        "bertscore_f1_mean": 0.5773016472657522,
        "bertscore_f1_std": 0.04826500521151511,
        "bertscore_f1_min": 0.41643911600112915,
        "bertscore_f1_max": 0.6448003053665161,
        "bertscore_f1_median": 0.5810021162033081,
        "answer_relevancy_mean": 0.4240436115079943,
        "answer_relevancy_std": 0.4246559354756554,
        "answer_relevancy_min": 0.0,
        "answer_relevancy_max": 0.9181646938369147,
        "answer_relevancy_median": 0.3981789136270994,
        "faithfulness_mean": 0.7192140163209956,
        "faithfulness_std": 0.2315161626758593,
        "faithfulness_min": 0.2,
        "faithfulness_max": 1.0,
        "faithfulness_median": 0.775,
        "context_precision_mean": 0.5668518518173224,
        "context_precision_std": 0.4142236610873741,
        "context_precision_min": 0.0,
        "context_precision_max": 0.9999999999666667,
        "context_precision_median": 0.586111111091574,
        "context_recall_mean": 0.29212962962962963,
        "context_recall_std": 0.3466195386808656,
        "context_recall_min": 0.0,
        "context_recall_max": 1.0,
        "context_recall_median": 0.14583333333333331
      }
    }
  ]
}