{
  "experiment_type": "retrieval_strategy",
  "timestamp": "2026-02-16T12:27:00.951158",
  "total_experiments": 4,
  "experiments": [
    {
      "name": "retrieval_strategy_dense_only",
      "config": {
        "use_rag": true,
        "retrieval_method": "dense",
        "k": 5,
        "llm": "gemini-2.5-flash"
      },
      "metrics": {
        "latency_ms_mean": 2799.7255325317383,
        "latency_ms_std": 0.0,
        "latency_ms_min": 2799.7255325317383,
        "latency_ms_max": 2799.7255325317383,
        "latency_ms_median": 2799.7255325317383,
        "num_chunks_mean": 1.0,
        "num_chunks_std": 0.0,
        "num_chunks_min": 1.0,
        "num_chunks_max": 1.0,
        "num_chunks_median": 1.0,
        "tokens_used_mean": 170.0,
        "tokens_used_std": 0.0,
        "tokens_used_min": 170.0,
        "tokens_used_max": 170.0,
        "tokens_used_median": 170.0,
        "bertscore_precision_mean": 0.5902916789054871,
        "bertscore_precision_std": 0.0,
        "bertscore_precision_min": 0.5902916789054871,
        "bertscore_precision_max": 0.5902916789054871,
        "bertscore_precision_median": 0.5902916789054871,
        "bertscore_recall_mean": 0.6354671120643616,
        "bertscore_recall_std": 0.0,
        "bertscore_recall_min": 0.6354671120643616,
        "bertscore_recall_max": 0.6354671120643616,
        "bertscore_recall_median": 0.6354671120643616,
        "bertscore_f1_mean": 0.6120469570159912,
        "bertscore_f1_std": 0.0,
        "bertscore_f1_min": 0.6120469570159912,
        "bertscore_f1_max": 0.6120469570159912,
        "bertscore_f1_median": 0.6120469570159912,
        "answer_relevancy_mean": 0.8695657256270275,
        "answer_relevancy_std": 0.0,
        "answer_relevancy_min": 0.8695657256270275,
        "answer_relevancy_max": 0.8695657256270275,
        "answer_relevancy_median": 0.8695657256270275,
        "faithfulness_mean": 0.7,
        "faithfulness_std": 0.0,
        "faithfulness_min": 0.7,
        "faithfulness_max": 0.7,
        "faithfulness_median": 0.7,
        "context_precision_mean": 0.9999999999,
        "context_precision_std": 0.0,
        "context_precision_min": 0.9999999999,
        "context_precision_max": 0.9999999999,
        "context_precision_median": 0.9999999999,
        "context_recall_mean": 0.3333333333333333,
        "context_recall_std": 0.0,
        "context_recall_min": 0.3333333333333333,
        "context_recall_max": 0.3333333333333333,
        "context_recall_median": 0.3333333333333333
      }
    },
    {
      "name": "retrieval_strategy_bm25_only",
      "config": {
        "use_rag": true,
        "retrieval_method": "bm25",
        "k": 5,
        "llm": "gemini-2.5-flash"
      },
      "metrics": {
        "latency_ms_mean": 3721.8551635742188,
        "latency_ms_std": 0.0,
        "latency_ms_min": 3721.8551635742188,
        "latency_ms_max": 3721.8551635742188,
        "latency_ms_median": 3721.8551635742188,
        "num_chunks_mean": 5.0,
        "num_chunks_std": 0.0,
        "num_chunks_min": 5.0,
        "num_chunks_max": 5.0,
        "num_chunks_median": 5.0,
        "tokens_used_mean": 178.0,
        "tokens_used_std": 0.0,
        "tokens_used_min": 178.0,
        "tokens_used_max": 178.0,
        "tokens_used_median": 178.0,
        "bertscore_precision_mean": 0.6108141541481018,
        "bertscore_precision_std": 0.0,
        "bertscore_precision_min": 0.6108141541481018,
        "bertscore_precision_max": 0.6108141541481018,
        "bertscore_precision_median": 0.6108141541481018,
        "bertscore_recall_mean": 0.6323230266571045,
        "bertscore_recall_std": 0.0,
        "bertscore_recall_min": 0.6323230266571045,
        "bertscore_recall_max": 0.6323230266571045,
        "bertscore_recall_median": 0.6323230266571045,
        "bertscore_f1_mean": 0.6213825941085815,
        "bertscore_f1_std": 0.0,
        "bertscore_f1_min": 0.6213825941085815,
        "bertscore_f1_max": 0.6213825941085815,
        "bertscore_f1_median": 0.6213825941085815,
        "answer_relevancy_mean": 0.9020902564961016,
        "answer_relevancy_std": 0.0,
        "answer_relevancy_min": 0.9020902564961016,
        "answer_relevancy_max": 0.9020902564961016,
        "answer_relevancy_median": 0.9020902564961016,
        "faithfulness_mean": 0.875,
        "faithfulness_std": 0.0,
        "faithfulness_min": 0.875,
        "faithfulness_max": 0.875,
        "faithfulness_median": 0.875,
        "context_precision_mean": 0.9999999999,
        "context_precision_std": 0.0,
        "context_precision_min": 0.9999999999,
        "context_precision_max": 0.9999999999,
        "context_precision_median": 0.9999999999,
        "context_recall_mean": 0.0,
        "context_recall_std": 0.0,
        "context_recall_min": 0.0,
        "context_recall_max": 0.0,
        "context_recall_median": 0.0
      }
    },
    {
      "name": "retrieval_strategy_hybrid_70_30",
      "config": {
        "use_rag": true,
        "retrieval_method": "hybrid",
        "k": 5,
        "dense_weight": 0.7,
        "bm25_weight": 0.3,
        "llm": "gemini-2.5-flash"
      },
      "metrics": {
        "latency_ms_mean": 4834.139823913574,
        "latency_ms_std": 0.0,
        "latency_ms_min": 4834.139823913574,
        "latency_ms_max": 4834.139823913574,
        "latency_ms_median": 4834.139823913574,
        "num_chunks_mean": 5.0,
        "num_chunks_std": 0.0,
        "num_chunks_min": 5.0,
        "num_chunks_max": 5.0,
        "num_chunks_median": 5.0,
        "tokens_used_mean": 252.0,
        "tokens_used_std": 0.0,
        "tokens_used_min": 252.0,
        "tokens_used_max": 252.0,
        "tokens_used_median": 252.0,
        "bertscore_precision_mean": 0.5909951329231262,
        "bertscore_precision_std": 0.0,
        "bertscore_precision_min": 0.5909951329231262,
        "bertscore_precision_max": 0.5909951329231262,
        "bertscore_precision_median": 0.5909951329231262,
        "bertscore_recall_mean": 0.6375589370727539,
        "bertscore_recall_std": 0.0,
        "bertscore_recall_min": 0.6375589370727539,
        "bertscore_recall_max": 0.6375589370727539,
        "bertscore_recall_median": 0.6375589370727539,
        "bertscore_f1_mean": 0.6133946180343628,
        "bertscore_f1_std": 0.0,
        "bertscore_f1_min": 0.6133946180343628,
        "bertscore_f1_max": 0.6133946180343628,
        "bertscore_f1_median": 0.6133946180343628,
        "answer_relevancy_mean": 0.8390397134723709,
        "answer_relevancy_std": 0.0,
        "answer_relevancy_min": 0.8390397134723709,
        "answer_relevancy_max": 0.8390397134723709,
        "answer_relevancy_median": 0.8390397134723709,
        "faithfulness_mean": 1.0,
        "faithfulness_std": 0.0,
        "faithfulness_min": 1.0,
        "faithfulness_max": 1.0,
        "faithfulness_median": 1.0,
        "context_precision_mean": 0.9999999999,
        "context_precision_std": 0.0,
        "context_precision_min": 0.9999999999,
        "context_precision_max": 0.9999999999,
        "context_precision_median": 0.9999999999,
        "context_recall_mean": 0.0,
        "context_recall_std": 0.0,
        "context_recall_min": 0.0,
        "context_recall_max": 0.0,
        "context_recall_median": 0.0
      }
    },
    {
      "name": "retrieval_strategy_hybrid_50_50",
      "config": {
        "use_rag": true,
        "retrieval_method": "hybrid",
        "k": 5,
        "dense_weight": 0.5,
        "bm25_weight": 0.5,
        "llm": "gemini-2.5-flash"
      },
      "metrics": {
        "latency_ms_mean": 3448.0345249176025,
        "latency_ms_std": 0.0,
        "latency_ms_min": 3448.0345249176025,
        "latency_ms_max": 3448.0345249176025,
        "latency_ms_median": 3448.0345249176025,
        "num_chunks_mean": 5.0,
        "num_chunks_std": 0.0,
        "num_chunks_min": 5.0,
        "num_chunks_max": 5.0,
        "num_chunks_median": 5.0,
        "tokens_used_mean": 214.0,