{
  "experiment_type": "chunk_count",
  "timestamp": "2026-02-16T12:32:03.582056",
  "total_experiments": 3,
  "experiments": [
    {
      "name": "chunk_count_k3",
      "config": {
        "use_rag": true,
        "retrieval_method": "hybrid",
        "k": 3,
        "dense_weight": 0.7,
        "bm25_weight": 0.3,
        "llm": "gemini-2.5-flash"
      },
      "metrics": {
        "latency_ms_mean": 2449.6495723724365,
        "latency_ms_std": 0.0,
        "latency_ms_min": 2449.6495723724365,
        "latency_ms_max": 2449.6495723724365,
        "latency_ms_median": 2449.6495723724365,
        "num_chunks_mean": 3.0,
        "num_chunks_std": 0.0,
        "num_chunks_min": 3.0,
        "num_chunks_max": 3.0,
        "num_chunks_median": 3.0,
        "tokens_used_mean": 156.0,
        "tokens_used_std": 0.0,
        "tokens_used_min": 156.0,
        "tokens_used_max": 156.0,
        "tokens_used_median": 156.0,
        "bertscore_precision_mean": 0.627905011177063,
        "bertscore_precision_std": 0.0,
        "bertscore_precision_min": 0.627905011177063,
        "bertscore_precision_max": 0.627905011177063,
        "bertscore_precision_median": 0.627905011177063,
        "bertscore_recall_mean": 0.6498352289199829,
        "bertscore_recall_std": 0.0,
        "bertscore_recall_min": 0.6498352289199829,
        "bertscore_recall_max": 0.6498352289199829,
        "bertscore_recall_median": 0.6498352289199829,
        "bertscore_f1_mean": 0.638681948184967,
        "bertscore_f1_std": 0.0,
        "bertscore_f1_min": 0.638681948184967,
        "bertscore_f1_max": 0.638681948184967,
        "bertscore_f1_median": 0.638681948184967,
        "answer_relevancy_mean": 0.8695657256270275,
        "answer_relevancy_std": 0.0,
        "answer_relevancy_min": 0.8695657256270275,
        "answer_relevancy_max": 0.8695657256270275,
        "answer_relevancy_median": 0.8695657256270275,
        "faithfulness_mean": 1.0,
        "faithfulness_std": 0.0,
        "faithfulness_min": 1.0,
        "faithfulness_max": 1.0,
        "faithfulness_median": 1.0,
        "context_precision_mean": 0.9999999999,
        "context_precision_std": 0.0,
        "context_precision_min": 0.9999999999,
        "context_precision_max": 0.9999999999,
        "context_precision_median": 0.9999999999,
        "context_recall_mean": 0.3333333333333333,
        "context_recall_std": 0.0,
        "context_recall_min": 0.3333333333333333,
        "context_recall_max": 0.3333333333333333,
        "context_recall_median": 0.3333333333333333
      }
    },
    {
      "name": "chunk_count_k5",
      "config": {
        "use_rag": true,
        "retrieval_method": "hybrid",
        "k": 5,
        "dense_weight": 0.7,
        "bm25_weight": 0.3,
        "llm": "gemini-2.5-flash"
      },
      "metrics": {
        "latency_ms_mean": 2731.71067237854,
        "latency_ms_std": 0.0,
        "latency_ms_min": 2731.71067237854,
        "latency_ms_max": 2731.71067237854,
        "latency_ms_median": 2731.71067237854,
        "num_chunks_mean": 5.0,
        "num_chunks_std": 0.0,
        "num_chunks_min": 5.0,
        "num_chunks_max": 5.0,
        "num_chunks_median": 5.0,
        "tokens_used_mean": 160.0,
        "tokens_used_std": 0.0,
        "tokens_used_min": 160.0,
        "tokens_used_max": 160.0,
        "tokens_used_median": 160.0,
        "bertscore_precision_mean": 0.5802878141403198,
        "bertscore_precision_std": 0.0,
        "bertscore_precision_min": 0.5802878141403198,
        "bertscore_precision_max": 0.5802878141403198,
        "bertscore_precision_median": 0.5802878141403198,
        "bertscore_recall_mean": 0.6024550199508667,
        "bertscore_recall_std": 0.0,
        "bertscore_recall_min": 0.6024550199508667,
        "bertscore_recall_max": 0.6024550199508667,
        "bertscore_recall_median": 0.6024550199508667,
        "bertscore_f1_mean": 0.591163694858551,
        "bertscore_f1_std": 0.0,
        "bertscore_f1_min": 0.591163694858551,
        "bertscore_f1_max": 0.591163694858551,
        "bertscore_f1_median": 0.591163694858551,
        "answer_relevancy_mean": 0.9020902564961016,
        "answer_relevancy_std": 0.0,
        "answer_relevancy_min": 0.9020902564961016,
        "answer_relevancy_max": 0.9020902564961016,
        "answer_relevancy_median": 0.9020902564961016,
        "faithfulness_mean": 1.0,
        "faithfulness_std": 0.0,
        "faithfulness_min": 1.0,
        "faithfulness_max": 1.0,
        "faithfulness_median": 1.0,
        "context_precision_mean": 0.9999999999,
        "context_precision_std": 0.0,
        "context_precision_min": 0.9999999999,
        "context_precision_max": 0.9999999999,
        "context_precision_median": 0.9999999999,
        "context_recall_mean": 0.3333333333333333,
        "context_recall_std": 0.0,
        "context_recall_min": 0.3333333333333333,
        "context_recall_max": 0.3333333333333333,
        "context_recall_median": 0.3333333333333333
      }
    },
    {
      "name": "chunk_count_k10",
      "config": {
        "use_rag": true,
        "retrieval_method": "hybrid",
        "k": 10,
        "dense_weight": 0.7,
        "bm25_weight": 0.3,
        "llm": "gemini-2.5-flash"
      },
      "metrics": {
        "latency_ms_mean": 3606.6946983337402,
        "latency_ms_std": 0.0,
        "latency_ms_min": 3606.6946983337402,
        "latency_ms_max": 3606.6946983337402,
        "latency_ms_median": 3606.6946983337402,
        "num_chunks_mean": 10.0,
        "num_chunks_std": 0.0,
        "num_chunks_min": 10.0,
        "num_chunks_max": 10.0,
        "num_chunks_median": 10.0,
        "tokens_used_mean": 217.0,
        "tokens_used_std": 0.0,
        "tokens_used_min": 217.0,
        "tokens_used_max": 217.0,
        "tokens_used_median": 217.0,
        "bertscore_precision_mean": 0.6090781688690186,
        "bertscore_precision_std": 0.0,
        "bertscore_precision_min": 0.6090781688690186,
        "bertscore_precision_max": 0.6090781688690186,
        "bertscore_precision_median": 0.6090781688690186,
        "bertscore_recall_mean": 0.6396411061286926,
        "bertscore_recall_std": 0.0,
        "bertscore_recall_min": 0.6396411061286926,
        "bertscore_recall_max": 0.6396411061286926,
        "bertscore_recall_median": 0.6396411061286926,
        "bertscore_f1_mean": 0.6239856481552124,
        "bertscore_f1_std": 0.0,
        "bertscore_f1_min": 0.6239856481552124,
        "bertscore_f1_max": 0.6239856481552124,
        "bertscore_f1_median": 0.6239856481552124,
        "answer_relevancy_mean": 0.9020902564961016,
        "answer_relevancy_std": 0.0,
        "answer_relevancy_min": 0.9020902564961016,
        "answer_relevancy_max": 0.9020902564961016,
        "answer_relevancy_median": 0.9020902564961016,
        "faithfulness_mean": 0.9,
        "faithfulness_std": 0.0,
        "faithfulness_min": 0.9,
        "faithfulness_max": 0.9,
        "faithfulness_median": 0.9,
        "context_precision_mean": 0.6111111110805556,
        "context_precision_std": 0.0,
        "context_precision_min": 0.6111111110805556,
        "context_precision_max": 0.6111111110805556,
        "context_precision_median": 0.6111111110805556,
        "context_recall_mean": 0.3333333333333333,
        "context_recall_std": 0.0,
        "context_recall_min": 0.3333333333333333,
        "context_recall_max": 0.3333333333333333,
        "context_recall_median": 0.3333333333333333
      }
    }
  ]
}