{
  "experiment_name": "model_comparison_groq_k10_dense_few_shot",
  "config": {
    "use_rag": true,
    "retrieval_method": "dense",
    "k": 10,
    "llm": "groq:llama-3.1-8b-instant",
    "use_few_shot": true
  },
  "timestamp": "2026-02-16T18:48:11.435834",
  "total_questions": 3,
  "successful_queries": 3,
  "failed_queries": 0,
  "aggregated_metrics": {
    "latency_ms_mean": 947.1306006113688,
    "latency_ms_std": 90.17710707104693,
    "latency_ms_min": 819.7662830352783,
    "latency_ms_max": 1016.4353847503662,
    "latency_ms_median": 1005.1901340484619,
    "num_chunks_mean": 1.3333333333333333,
    "num_chunks_std": 0.4714045207910317,
    "num_chunks_min": 1.0,
    "num_chunks_max": 2.0,
    "num_chunks_median": 1.0,
    "tokens_used_mean": 814.6666666666666,
    "tokens_used_std": 30.444849956747838,
    "tokens_used_min": 775.0,
    "tokens_used_max": 849.0,
    "tokens_used_median": 820.0,
    "bertscore_precision_mean": 0.5815017422040304,
    "bertscore_precision_std": 0.0182715042788903,
    "bertscore_precision_min": 0.5604443550109863,
    "bertscore_precision_max": 0.6050000786781311,
    "bertscore_precision_median": 0.5790607929229736,
    "bertscore_recall_mean": 0.5892276565233866,
    "bertscore_recall_std": 0.06562430793414631,
    "bertscore_recall_min": 0.5064935088157654,
    "bertscore_recall_max": 0.6670106649398804,
    "bertscore_recall_median": 0.5941787958145142,
    "bertscore_f1_mean": 0.5838880737622579,
    "bertscore_f1_std": 0.03875710464515251,
    "bertscore_f1_min": 0.5403516292572021,
    "bertscore_f1_max": 0.6344938278198242,
    "bertscore_f1_median": 0.5768187642097473,
    "answer_relevancy_mean": 0.844028228865476,
    "answer_relevancy_std": 0.018189300963948826,
    "answer_relevancy_min": 0.8285849340369871,
    "answer_relevancy_max": 0.8695657256270275,
    "answer_relevancy_median": 0.8339340269324135,
    "faithfulness_mean": 0.9333333333333332,
    "faithfulness_std": 0.09428090415820632,
    "faithfulness_min": 0.8,
    "faithfulness_max": 1.0,
    "faithfulness_median": 1.0,
    "context_precision_mean": 0.83333333325,
    "context_precision_std": 0.2357022603719456,
    "context_precision_min": 0.49999999995,
    "context_precision_max": 0.9999999999,
    "context_precision_median": 0.9999999999,
    "context_recall_mean": 0.2222222222222222,
    "context_recall_std": 0.15713484026367722,
    "context_recall_min": 0.0,
    "context_recall_max": 0.3333333333333333,
    "context_recall_median": 0.3333333333333333
  },
  "individual_results": [
    {
      "question_id": "q001",
      "question": "Quais os objetivos da Lei nº 15.270, de 2025?",
      "answer_full": "De acordo com o texto da Lei nº 15.270, de 26 de novembro de 2025, os objetivos da lei são:\n\n* Alterar a Lei nº 9.250, de 26 de dezembro de 1995, e a Lei nº 9.249, de 26 de dezembro de 1995;\n* Instituir a redução do imposto sobre a renda devido nas bases de cálculo mensal e anual;\n* Estabelecer a tributação mínima para as pessoas físicas que auferem altas rendas.\n\nEsses objetivos são mencionados no texto da lei, que começa com a seguinte frase: \"Altera a Lei nº 9.250, de 26 de dezembro de 1995, e a Lei nº 9.249, de 26 de dezembro de 1995, para instituir a redução do imposto sobre a renda devido nas bases de cálculo mensal e anual e a tributação mínima para as pessoas físicas que auferem altas rendas; e dá outras providências.\"",
      "answer_core": "De acordo com o texto da Lei nº 15.270, de 26 de novembro de 2025, os objetivos da lei são:\n\n* Alterar a Lei nº 9.250, de 26 de dezembro de 1995, e a Lei nº 9.249, de 26 de dezembro de 1995;\n* Instituir a redução do imposto sobre a renda devido nas bases de cálculo mensal e anual;\n* Estabelecer a tributação mínima para as pessoas físicas que auferem altas rendas.\n\nEsses objetivos são mencionados no texto da lei, que começa com a seguinte frase: \"Altera a Lei nº 9.250, de 26 de dezembro de 1995, e a Lei nº 9.249, de 26 de dezembro de 1995, para instituir a redução do imposto sobre a renda devido nas bases de cálculo mensal e anual e a tributação mínima para as pessoas físicas que auferem altas rendas; e dá outras providências.\"",
      "ground_truth": "A Lei nº 15.270, de 2025, decorre da aprovação do Projeto de Lei nº 1.087, de 2025, de iniciativa do Poder Executivo. A Lei traz alterações na legislação do Imposto de Renda da Pessoa Física para ampliar a faixa de isenção e reduzir a carga tributária sobre rendas baixas e médias, ao mesmo tempo em que institui uma tributação mínima sobre rendas elevadas. O objetivo é tornar o sistema tributário mais progressivo e corrigir distorções de isonomia.",
      "chunks": [
        {
          "id": "e9a0fa0f64ce123f",
          "content": "## 📖 Texto Completo\n\nPresidência da República\nCasa Civil\nSecretaria Especial para Assuntos Jurídicos\n\nLEI\nNº 15.270, DE 26 DE NOVEMBRO DE 2025\n\nProdução de efeitos\nAltera a Lei nº 9.250, de 26 de dezembro de 1995, e a Lei nº 9.249, de\n26 de dezembro de 1995, para instituir a redução do imposto sobre a\nrenda devido nas bases de cálculo mensal e anual e a tributação mínima\npara as pessoas físicas que auferem altas rendas; e dá outras\nprovidências.\n\nO PRESIDENTE DA REPÚBLICA\nFaço saber que o Congresso Nacional decreta e eu sanciono a seguinte Lei:",
          "score": 0.7927810840347321,
          "metadata": {
            "chunk_index": 1,
            "chunk_method": "markdown_section",
            "collection": "irpf_2025",
            "filename": "L15270_processed.md",
            "indexed_at": "2026-02-15T21:56:25.631125",
            "processed_from": "markdown",
            "section": "## 📖 Texto Completo"
          }
        }
      ],
      "metrics": {
        "latency_ms": 1005.1901340484619,
        "num_chunks": 1,
        "tokens_used": 849,
        "bertscore_precision": 0.5604443550109863,
        "bertscore_recall": 0.5941787958145142,
        "bertscore_f1": 0.5768187642097473,
        "answer_relevancy": 0.8695657256270275,
        "faithfulness": 1.0,
        "context_precision": 0.9999999999,
        "context_recall": 0.3333333333333333
      },
      "config": {
        "use_rag": true,
        "retrieval_method": "dense",
        "k": 10,
        "llm": "groq:llama-3.1-8b-instant",
        "use_few_shot": true
      },
      "category": "outros",
      "difficulty": "medio"
    },
    {
      "question_id": "q002",
      "question": "Quais os principais elementos contidos na Lei nº 15.270, de 2025?",
      "answer_full": "A Lei nº 15.270, de 26 de novembro de 2025, altera a Lei nº 9.250, de 26 de dezembro de 1995, e a Lei nº 9.249, de 26 de dezembro de 1995. Os principais elementos contidos nessa lei são:\n\n- A instituição da redução do imposto sobre a renda devido nas bases de cálculo mensal e anual;\n- A tributação mínima para as pessoas físicas que auferem altas rendas;\n- A alteração das leis mencionadas para atender a essas novas disposições.\n\nEssas são as principais alterações trazidas pela Lei nº 15.270, de 2025.",
      "answer_core": "A Lei nº 15.270, de 26 de novembro de 2025, altera a Lei nº 9.250, de 26 de dezembro de 1995, e a Lei nº 9.249, de 26 de dezembro de 1995. Os principais elementos contidos nessa lei são:\n\n- A instituição da redução do imposto sobre a renda devido nas bases de cálculo mensal e anual;\n- A tributação mínima para as pessoas físicas que auferem altas rendas;\n- A alteração das leis mencionadas para atender a essas novas disposições.\n\nEssas são as principais alterações trazidas pela Lei nº 15.270, de 2025.",
      "ground_truth": "Os principais elementos da Lei nº 15.270, de 2025, são: ampliação da faixa de isenção do Imposto de Renda da Pessoa Física; tributação anual de altas rendas, aplicável a contribuintes que recebam rendimentos no ano-calendário superior a R$ 600.000,00; iii. inserção da tributação do IRRF sobre lucros e dividendos pagos a não residente no Brasil.",