{
  "experiment_name": "model_comparison_tinyllama",
  "config": {
    "use_rag": true,
    "retrieval_method": "dense",
    "k": 3,
    "llm": "local:tinyllama"
  },
  "timestamp": "2026-02-16T14:15:56.454411",
  "total_questions": 1,
  "successful_queries": 1,
  "failed_queries": 0,
  "aggregated_metrics": {
    "latency_ms_mean": 236604.1955947876,
    "latency_ms_std": 0.0,
    "latency_ms_min": 236604.1955947876,
    "latency_ms_max": 236604.1955947876,
    "latency_ms_median": 236604.1955947876,
    "num_chunks_mean": 1.0,
    "num_chunks_std": 0.0,
    "num_chunks_min": 1.0,
    "num_chunks_max": 1.0,
    "num_chunks_median": 1.0,
    "tokens_used_mean": 1028.0,
    "tokens_used_std": 0.0,
    "tokens_used_min": 1028.0,
    "tokens_used_max": 1028.0,
    "tokens_used_median": 1028.0,
    "bertscore_precision_mean": 0.5608153939247131,
    "bertscore_precision_std": 0.0,
    "bertscore_precision_min": 0.5608153939247131,
    "bertscore_precision_max": 0.5608153939247131,
    "bertscore_precision_median": 0.5608153939247131,
    "bertscore_recall_mean": 0.6488778591156006,
    "bertscore_recall_std": 0.0,
    "bertscore_recall_min": 0.6488778591156006,
    "bertscore_recall_max": 0.6488778591156006,
    "bertscore_recall_median": 0.6488778591156006,
    "bertscore_f1_mean": 0.6016412973403931,
    "bertscore_f1_std": 0.0,
    "bertscore_f1_min": 0.6016412973403931,
    "bertscore_f1_max": 0.6016412973403931,
    "bertscore_f1_median": 0.6016412973403931,
    "answer_relevancy_mean": 0.83974521983688,
    "answer_relevancy_std": 0.0,
    "answer_relevancy_min": 0.83974521983688,
    "answer_relevancy_max": 0.83974521983688,
    "answer_relevancy_median": 0.83974521983688,
    "faithfulness_mean": 0.34615384615384615,
    "faithfulness_std": 0.0,
    "faithfulness_min": 0.34615384615384615,
    "faithfulness_max": 0.34615384615384615,
    "faithfulness_median": 0.34615384615384615,
    "context_precision_mean": 0.9999999999,
    "context_precision_std": 0.0,
    "context_precision_min": 0.9999999999,
    "context_precision_max": 0.9999999999,
    "context_precision_median": 0.9999999999,
    "context_recall_mean": 0.3333333333333333,
    "context_recall_std": 0.0,
    "context_recall_min": 0.3333333333333333,
    "context_recall_max": 0.3333333333333333,
    "context_recall_median": 0.3333333333333333
  },
  "individual_results": [
    {
      "question_id": "q001",
      "question": "Quais os objetivos da Lei nº 15.270, de 2025?",
      "answer_full": "Assistente: Receptei o texto completo do leito de legislação brasileira, Nº 15.270, de 26 de novembro de 2025, que altera a Lei nº 9.250, de 26 de dezembro de 1995 e a Lei nº 9.249, de 26 de dezembro de 1995 para instituir a redução do imposto sobre a renda devida nas bases de cálculo mensal e anual e a tributação mínima para as pessoas físicas que aufram altas rendas. O Presidente da República declarou que o Congresso Nacional decreta e eu sanciona esta Lei por causa dos seguintes objetivos:\n\n- Reduzir o impacto fiscal sobre as pessoas físicas que têm alto rendimento, levando em consideração as bases de cálculo mensal e anual;\n- Facilitar a compreensão das normas de renda e tributação pela maioria dos clientes;\n- Aumentar a qualidade da vida dos brasileiros;\n- Meio-ambiente, saluçaria e saúde;\n- Desenvolvimento social e democrático;\n- Controle fiscal e administração pública.\n\nPara a cálculo mensal, o imposto será reduzido para as pessoas físicas que têm renda superior a R$ 50.000,00 mensais. A tributação mínima para as pessoas físicas que têm renda superior a R$ 25.000,00 mensais será aumentada para 18% do imposto normal. Portanto, para obter o imposto normal, a renda deve ser inferior a R$ 50.000,00 mensais.",
      "answer_core": "Assistente: Receptei o texto completo do leito de legislação brasileira, Nº 15.270, de 26 de novembro de 2025, que altera a Lei nº 9.250, de 26 de dezembro de 1995 e a Lei nº 9.249, de 26 de dezembro de 1995 para instituir a redução do imposto sobre a renda devida nas bases de cálculo mensal e anual e a tributação mínima para as pessoas físicas que aufram altas rendas. O Presidente da República declarou que o Congresso Nacional decreta e eu sanciona esta Lei por causa dos seguintes objetivos:\n\n- Reduzir o impacto fiscal sobre as pessoas físicas que têm alto rendimento, levando em consideração as bases de cálculo mensal e anual;\n- Facilitar a compreensão das normas de renda e tributação pela maioria dos clientes;\n- Aumentar a qualidade da vida dos brasileiros;\n- Meio-ambiente, saluçaria e saúde;\n- Desenvolvimento social e democrático;\n- Controle fiscal e administração pública.\n\nPara a cálculo mensal, o imposto será reduzido para as pessoas físicas que têm renda superior a R$ 50.000,00 mensais. A tributação mínima para as pessoas físicas que têm renda superior a R$ 25.000,00 mensais será aumentada para 18% do imposto normal. Portanto, para obter o imposto normal, a renda deve ser inferior a R$ 50.000,00 mensais.",
      "ground_truth": "A Lei nº 15.270, de 2025, decorre da aprovação do Projeto de Lei nº 1.087, de 2025, de iniciativa do Poder Executivo. A Lei traz alterações na legislação do Imposto de Renda da Pessoa Física para ampliar a faixa de isenção e reduzir a carga tributária sobre rendas baixas e médias, ao mesmo tempo em que institui uma tributação mínima sobre rendas elevadas. O objetivo é tornar o sistema tributário mais progressivo e corrigir distorções de isonomia.",
      "chunks": [
        {
          "id": "e9a0fa0f64ce123f",
          "content": "## 📖 Texto Completo\n\nPresidência da República\nCasa Civil\nSecretaria Especial para Assuntos Jurídicos\n\nLEI\nNº 15.270, DE 26 DE NOVEMBRO DE 2025\n\nProdução de efeitos\nAltera a Lei nº 9.250, de 26 de dezembro de 1995, e a Lei nº 9.249, de\n26 de dezembro de 1995, para instituir a redução do imposto sobre a\nrenda devido nas bases de cálculo mensal e anual e a tributação mínima\npara as pessoas físicas que auferem altas rendas; e dá outras\nprovidências.\n\nO PRESIDENTE DA REPÚBLICA\nFaço saber que o Congresso Nacional decreta e eu sanciono a seguinte Lei:",
          "score": 0.7927810840347321,
          "metadata": {
            "chunk_index": 1,
            "chunk_method": "markdown_section",
            "collection": "irpf_2025",
            "filename": "L15270_processed.md",
            "indexed_at": "2026-02-15T21:56:25.631125",
            "processed_from": "markdown",
            "section": "## 📖 Texto Completo"
          }
        }
      ],
      "metrics": {
        "latency_ms": 236604.1955947876,
        "num_chunks": 1,
        "tokens_used": 1028,
        "bertscore_precision": 0.5608153939247131,
        "bertscore_recall": 0.6488778591156006,
        "bertscore_f1": 0.6016412973403931,
        "answer_relevancy": 0.83974521983688,
        "faithfulness": 0.34615384615384615,
        "context_precision": 0.9999999999,
        "context_recall": 0.3333333333333333
      },
      "config": {
        "use_rag": true,
        "retrieval_method": "dense",
        "k": 3,
        "llm": "local:tinyllama"
      },
      "category": "outros",
      "difficulty": "medio"
    }
  ]
}