{
  "experiment_name": "model_comparison_groq_k5_dense_few_shot",
  "config": {
    "use_rag": true,
    "retrieval_method": "dense",
    "k": 5,
    "llm": "groq:llama-3.1-8b-instant",
    "use_few_shot": true
  },
  "timestamp": "2026-02-16T18:35:54.429874",
  "total_questions": 3,
  "successful_queries": 3,
  "failed_queries": 0,
  "aggregated_metrics": {
    "latency_ms_mean": 966.939369837443,
    "latency_ms_std": 67.60754964992505,
    "latency_ms_min": 877.5374889373779,
    "latency_ms_max": 1040.9941673278809,
    "latency_ms_median": 982.2864532470703,
    "num_chunks_mean": 1.3333333333333333,
    "num_chunks_std": 0.4714045207910317,
    "num_chunks_min": 1.0,
    "num_chunks_max": 2.0,
    "num_chunks_median": 1.0,
    "tokens_used_mean": 829.0,
    "tokens_used_std": 17.682382946499793,
    "tokens_used_min": 804.0,
    "tokens_used_max": 842.0,
    "tokens_used_median": 841.0,
    "bertscore_precision_mean": 0.5518826047579447,
    "bertscore_precision_std": 0.01824246736058633,
    "bertscore_precision_min": 0.5271657705307007,
    "bertscore_precision_max": 0.5706433653831482,
    "bertscore_precision_median": 0.5578386783599854,
    "bertscore_recall_mean": 0.5477379262447357,
    "bertscore_recall_std": 0.05550092619475121,
    "bertscore_recall_min": 0.46948525309562683,
    "bertscore_recall_max": 0.5921480655670166,
    "bertscore_recall_median": 0.5815804600715637,
    "bertscore_f1_mean": 0.5475548903147379,
    "bertscore_f1_std": 0.0245322636284024,
    "bertscore_f1_min": 0.5151452422142029,
    "bertscore_f1_max": 0.5744816064834595,
    "bertscore_f1_median": 0.5530378222465515,
    "answer_relevancy_mean": 0.5289219907090024,
    "answer_relevancy_std": 0.37914171844582883,
    "answer_relevancy_min": 0.0,
    "answer_relevancy_max": 0.8695657256270275,
    "answer_relevancy_median": 0.7172002464999797,
    "faithfulness_mean": 0.8583333333333334,
    "faithfulness_std": 0.1230401921686117,
    "faithfulness_min": 0.7,
    "faithfulness_max": 1.0,
    "faithfulness_median": 0.875,
    "context_precision_mean": 0.83333333325,
    "context_precision_std": 0.2357022603719456,
    "context_precision_min": 0.49999999995,
    "context_precision_max": 0.9999999999,
    "context_precision_median": 0.9999999999,
    "context_recall_mean": 0.1111111111111111,
    "context_recall_std": 0.15713484026367722,
    "context_recall_min": 0.0,
    "context_recall_max": 0.3333333333333333,
    "context_recall_median": 0.0
  },
  "individual_results": [
    {
      "question_id": "q001",
      "question": "Quais os objetivos da Lei nº 15.270, de 2025?",
      "answer_full": "De acordo com o texto da Lei nº 15.270, de 26 de novembro de 2025, os objetivos da lei são:\n\n* Alterar a Lei nº 9.250, de 26 de dezembro de 1995, e a Lei nº 9.249, de 26 de dezembro de 1995;\n* Instituir a redução do imposto sobre a renda devido nas bases de cálculo mensal e anual;\n* Estabelecer a tributação mínima para as pessoas físicas que auferem altas rendas.\n\nEsses objetivos estão expressos no texto da lei, no trecho \"Altera a Lei nº 9.250, de 26 de dezembro de 1995, e a Lei nº 9.249, de 26 de dezembro de 1995, para instituir a redução do imposto sobre a renda devido nas bases de cálculo mensal e anual e a tributação mínima para as pessoas físicas que auferem altas rendas; e dá outras providências.\"",
      "answer_core": "De acordo com o texto da Lei nº 15.270, de 26 de novembro de 2025, os objetivos da lei são:\n\n* Alterar a Lei nº 9.250, de 26 de dezembro de 1995, e a Lei nº 9.249, de 26 de dezembro de 1995;\n* Instituir a redução do imposto sobre a renda devido nas bases de cálculo mensal e anual;\n* Estabelecer a tributação mínima para as pessoas físicas que auferem altas rendas.\n\nEsses objetivos estão expressos no texto da lei, no trecho \"Altera a Lei nº 9.250, de 26 de dezembro de 1995, e a Lei nº 9.249, de 26 de dezembro de 1995, para instituir a redução do imposto sobre a renda devido nas bases de cálculo mensal e anual e a tributação mínima para as pessoas físicas que auferem altas rendas; e dá outras providências.\"",
      "ground_truth": "A Lei nº 15.270, de 2025, decorre da aprovação do Projeto de Lei nº 1.087, de 2025, de iniciativa do Poder Executivo. A Lei traz alterações na legislação do Imposto de Renda da Pessoa Física para ampliar a faixa de isenção e reduzir a carga tributária sobre rendas baixas e médias, ao mesmo tempo em que institui uma tributação mínima sobre rendas elevadas. O objetivo é tornar o sistema tributário mais progressivo e corrigir distorções de isonomia.",
      "chunks": [
        {
          "id": "e9a0fa0f64ce123f",
          "content": "## 📖 Texto Completo\n\nPresidência da República\nCasa Civil\nSecretaria Especial para Assuntos Jurídicos\n\nLEI\nNº 15.270, DE 26 DE NOVEMBRO DE 2025\n\nProdução de efeitos\nAltera a Lei nº 9.250, de 26 de dezembro de 1995, e a Lei nº 9.249, de\n26 de dezembro de 1995, para instituir a redução do imposto sobre a\nrenda devido nas bases de cálculo mensal e anual e a tributação mínima\npara as pessoas físicas que auferem altas rendas; e dá outras\nprovidências.\n\nO PRESIDENTE DA REPÚBLICA\nFaço saber que o Congresso Nacional decreta e eu sanciono a seguinte Lei:",
          "score": 0.7927810840347321,
          "metadata": {
            "chunk_index": 1,
            "chunk_method": "markdown_section",
            "collection": "irpf_2025",
            "filename": "L15270_processed.md",
            "indexed_at": "2026-02-15T21:56:25.631125",
            "processed_from": "markdown",
            "section": "## 📖 Texto Completo"
          }
        }
      ],
      "metrics": {
        "latency_ms": 982.2864532470703,
        "num_chunks": 1,
        "tokens_used": 842,
        "bertscore_precision": 0.5578386783599854,
        "bertscore_recall": 0.5921480655670166,
        "bertscore_f1": 0.5744816064834595,
        "answer_relevancy": 0.8695657256270275,
        "faithfulness": 0.875,
        "context_precision": 0.9999999999,
        "context_recall": 0.3333333333333333
      },
      "config": {
        "use_rag": true,
        "retrieval_method": "dense",
        "k": 5,
        "llm": "groq:llama-3.1-8b-instant",
        "use_few_shot": true
      },
      "category": "outros",
      "difficulty": "medio"
    },
    {
      "question_id": "q002",
      "question": "Quais os principais elementos contidos na Lei nº 15.270, de 2025?",
      "answer_full": "A Lei nº 15.270, de 26 de novembro de 2025, altera a Lei nº 9.250, de 26 de dezembro de 1995, e a Lei nº 9.249, de 26 de dezembro de 1995, com o objetivo de instituir a redução do imposto sobre a renda devido nas bases de cálculo mensal e anual e a tributação mínima para as pessoas físicas que auferem altas rendas.\n\nOs principais elementos contidos na Lei nº 15.270, de 2025, são:\n\n- Redução do imposto sobre a renda devido nas bases de cálculo mensal e anual;\n- Tributação mínima para as pessoas físicas que auferem altas rendas;\n- Alterações nas Leis nº 9.250 e nº 9.249, de 1995.\n\nNão encontrei informações específicas sobre quais são as rendas consideradas \"altas\" ou como será calculada a tributação mínima.",
      "answer_core": "A Lei nº 15.270, de 26 de novembro de 2025, altera a Lei nº 9.250, de 26 de dezembro de 1995, e a Lei nº 9.249, de 26 de dezembro de 1995, com o objetivo de instituir a redução do imposto sobre a renda devido nas bases de cálculo mensal e anual e a tributação mínima para as pessoas físicas que auferem altas rendas.\n\nOs principais elementos contidos na Lei nº 15.270, de 2025, são:\n\n- Redução do imposto sobre a renda devido nas bases de cálculo mensal e anual;\n- Tributação mínima para as pessoas físicas que auferem altas rendas;\n- Alterações nas Leis nº 9.250 e nº 9.249, de 1995.\n\nNão encontrei informações específicas sobre quais são as rendas consideradas \"altas\" ou como será calculada a tributação mínima.",