{
  "experiment_type": "model_comparison",
  "timestamp": "2026-02-16T15:01:42.875442",
  "total_experiments": 2,
  "experiments": [
    {
      "name": "model_comparison_tinyllama_few_shot",
      "config": {
        "use_rag": true,
        "retrieval_method": "dense",
        "k": 3,
        "llm": "local:tinyllama",
        "use_few_shot": true
      },
      "metrics": {
        "latency_ms_mean": 376441.32709503174,
        "latency_ms_std": 0.0,
        "latency_ms_min": 376441.32709503174,
        "latency_ms_max": 376441.32709503174,
        "latency_ms_median": 376441.32709503174,
        "num_chunks_mean": 1.0,
        "num_chunks_std": 0.0,
        "num_chunks_min": 1.0,
        "num_chunks_max": 1.0,
        "num_chunks_median": 1.0,
        "tokens_used_mean": 1880.0,
        "tokens_used_std": 0.0,
        "tokens_used_min": 1880.0,
        "tokens_used_max": 1880.0,
        "tokens_used_median": 1880.0,
        "bertscore_precision_mean": 0.5403144955635071,
        "bertscore_precision_std": 0.0,
        "bertscore_precision_min": 0.5403144955635071,
        "bertscore_precision_max": 0.5403144955635071,
        "bertscore_precision_median": 0.5403144955635071,
        "bertscore_recall_mean": 0.6187316179275513,
        "bertscore_recall_std": 0.0,
        "bertscore_recall_min": 0.6187316179275513,
        "bertscore_recall_max": 0.6187316179275513,
        "bertscore_recall_median": 0.6187316179275513,
        "bertscore_f1_mean": 0.576870322227478,
        "bertscore_f1_std": 0.0,
        "bertscore_f1_min": 0.576870322227478,
        "bertscore_f1_max": 0.576870322227478,
        "bertscore_f1_median": 0.576870322227478,
        "answer_relevancy_mean": 0.8973625142032539,
        "answer_relevancy_std": 0.0,
        "answer_relevancy_min": 0.8973625142032539,
        "answer_relevancy_max": 0.8973625142032539,
        "answer_relevancy_median": 0.8973625142032539,
        "faithfulness_mean": 0.05,
        "faithfulness_std": 0.0,
        "faithfulness_min": 0.05,
        "faithfulness_max": 0.05,
        "faithfulness_median": 0.05,
        "context_precision_mean": 0.9999999999,
        "context_precision_std": 0.0,
        "context_precision_min": 0.9999999999,
        "context_precision_max": 0.9999999999,
        "context_precision_median": 0.9999999999,
        "context_recall_mean": 0.3333333333333333,
        "context_recall_std": 0.0,
        "context_recall_min": 0.3333333333333333,
        "context_recall_max": 0.3333333333333333,
        "context_recall_median": 0.3333333333333333
      }
    },
    {
      "name": "model_comparison_groq_llama_3.1_8b",
      "config": {
        "use_rag": true,
        "retrieval_method": "dense",
        "k": 3,
        "llm": "groq:llama-3.1-8b-instant"
      },
      "metrics": {
        "latency_ms_mean": 976.9182205200195,
        "latency_ms_std": 0.0,
        "latency_ms_min": 976.9182205200195,
        "latency_ms_max": 976.9182205200195,
        "latency_ms_median": 976.9182205200195,
        "num_chunks_mean": 1.0,
        "num_chunks_std": 0.0,
        "num_chunks_min": 1.0,
        "num_chunks_max": 1.0,
        "num_chunks_median": 1.0,
        "tokens_used_mean": 708.0,
        "tokens_used_std": 0.0,
        "tokens_used_min": 708.0,
        "tokens_used_max": 708.0,
        "tokens_used_median": 708.0,
        "bertscore_precision_mean": 0.6162558197975159,
        "bertscore_precision_std": 0.0,
        "bertscore_precision_min": 0.6162558197975159,
        "bertscore_precision_max": 0.6162558197975159,
        "bertscore_precision_median": 0.6162558197975159,
        "bertscore_recall_mean": 0.6447914838790894,
        "bertscore_recall_std": 0.0,
        "bertscore_recall_min": 0.6447914838790894,
        "bertscore_recall_max": 0.6447914838790894,
        "bertscore_recall_median": 0.6447914838790894,
        "bertscore_f1_mean": 0.6302007436752319,
        "bertscore_f1_std": 0.0,
        "bertscore_f1_min": 0.6302007436752319,
        "bertscore_f1_max": 0.6302007436752319,
        "bertscore_f1_median": 0.6302007436752319,
        "answer_relevancy_mean": 0.8718914762197659,
        "answer_relevancy_std": 0.0,
        "answer_relevancy_min": 0.8718914762197659,
        "answer_relevancy_max": 0.8718914762197659,
        "answer_relevancy_median": 0.8718914762197659,
        "faithfulness_mean": 0.9,
        "faithfulness_std": 0.0,
        "faithfulness_min": 0.9,
        "faithfulness_max": 0.9,
        "faithfulness_median": 0.9,
        "context_precision_mean": 0.9999999999,
        "context_precision_std": 0.0,
        "context_precision_min": 0.9999999999,
        "context_precision_max": 0.9999999999,
        "context_precision_median": 0.9999999999,
        "context_recall_mean": 0.3333333333333333,
        "context_recall_std": 0.0,
        "context_recall_min": 0.3333333333333333,
        "context_recall_max": 0.3333333333333333,
        "context_recall_median": 0.3333333333333333
      }
    }
  ]
}