{
  "experiment_type": "model_comparison",
  "timestamp": "2026-02-16T14:15:58.457506",
  "total_experiments": 2,
  "experiments": [
    {
      "name": "model_comparison_gemini_flash_baseline",
      "config": {
        "use_rag": true,
        "retrieval_method": "dense",
        "k": 3,
        "llm": "gemini-2.5-flash"
      },
      "metrics": {
        "latency_ms_mean": 3152.651786804199,
        "latency_ms_std": 0.0,
        "latency_ms_min": 3152.651786804199,
        "latency_ms_max": 3152.651786804199,
        "latency_ms_median": 3152.651786804199,
        "num_chunks_mean": 1.0,
        "num_chunks_std": 0.0,
        "num_chunks_min": 1.0,
        "num_chunks_max": 1.0,
        "num_chunks_median": 1.0,
        "tokens_used_mean": 148.0,
        "tokens_used_std": 0.0,
        "tokens_used_min": 148.0,
        "tokens_used_max": 148.0,
        "tokens_used_median": 148.0,
        "bertscore_precision_mean": 0.6228172779083252,
        "bertscore_precision_std": 0.0,
        "bertscore_precision_min": 0.6228172779083252,
        "bertscore_precision_max": 0.6228172779083252,
        "bertscore_precision_median": 0.6228172779083252,
        "bertscore_recall_mean": 0.6508153080940247,
        "bertscore_recall_std": 0.0,
        "bertscore_recall_min": 0.6508153080940247,
        "bertscore_recall_max": 0.6508153080940247,
        "bertscore_recall_median": 0.6508153080940247,
        "bertscore_f1_mean": 0.636508584022522,
        "bertscore_f1_std": 0.0,
        "bertscore_f1_min": 0.636508584022522,
        "bertscore_f1_max": 0.636508584022522,
        "bertscore_f1_median": 0.636508584022522,
        "answer_relevancy_mean": 0.8695657256270275,
        "answer_relevancy_std": 0.0,
        "answer_relevancy_min": 0.8695657256270275,
        "answer_relevancy_max": 0.8695657256270275,
        "answer_relevancy_median": 0.8695657256270275,
        "faithfulness_mean": 0.6666666666666666,
        "faithfulness_std": 0.0,
        "faithfulness_min": 0.6666666666666666,
        "faithfulness_max": 0.6666666666666666,
        "faithfulness_median": 0.6666666666666666,
        "context_precision_mean": 0.9999999999,
        "context_precision_std": 0.0,
        "context_precision_min": 0.9999999999,
        "context_precision_max": 0.9999999999,
        "context_precision_median": 0.9999999999,
        "context_recall_mean": 0.3333333333333333,
        "context_recall_std": 0.0,
        "context_recall_min": 0.3333333333333333,
        "context_recall_max": 0.3333333333333333,
        "context_recall_median": 0.3333333333333333
      }
    },
    {
      "name": "model_comparison_tinyllama",
      "config": {
        "use_rag": true,
        "retrieval_method": "dense",
        "k": 3,
        "llm": "local:tinyllama"
      },
      "metrics": {
        "latency_ms_mean": 236604.1955947876,
        "latency_ms_std": 0.0,
        "latency_ms_min": 236604.1955947876,
        "latency_ms_max": 236604.1955947876,
        "latency_ms_median": 236604.1955947876,
        "num_chunks_mean": 1.0,
        "num_chunks_std": 0.0,
        "num_chunks_min": 1.0,
        "num_chunks_max": 1.0,
        "num_chunks_median": 1.0,
        "tokens_used_mean": 1028.0,
        "tokens_used_std": 0.0,
        "tokens_used_min": 1028.0,
        "tokens_used_max": 1028.0,
        "tokens_used_median": 1028.0,
        "bertscore_precision_mean": 0.5608153939247131,
        "bertscore_precision_std": 0.0,
        "bertscore_precision_min": 0.5608153939247131,
        "bertscore_precision_max": 0.5608153939247131,
        "bertscore_precision_median": 0.5608153939247131,
        "bertscore_recall_mean": 0.6488778591156006,
        "bertscore_recall_std": 0.0,
        "bertscore_recall_min": 0.6488778591156006,
        "bertscore_recall_max": 0.6488778591156006,
        "bertscore_recall_median": 0.6488778591156006,
        "bertscore_f1_mean": 0.6016412973403931,
        "bertscore_f1_std": 0.0,
        "bertscore_f1_min": 0.6016412973403931,
        "bertscore_f1_max": 0.6016412973403931,
        "bertscore_f1_median": 0.6016412973403931,
        "answer_relevancy_mean": 0.83974521983688,
        "answer_relevancy_std": 0.0,
        "answer_relevancy_min": 0.83974521983688,
        "answer_relevancy_max": 0.83974521983688,
        "answer_relevancy_median": 0.83974521983688,
        "faithfulness_mean": 0.34615384615384615,
        "faithfulness_std": 0.0,
        "faithfulness_min": 0.34615384615384615,
        "faithfulness_max": 0.34615384615384615,
        "faithfulness_median": 0.34615384615384615,
        "context_precision_mean": 0.9999999999,
        "context_precision_std": 0.0,
        "context_precision_min": 0.9999999999,
        "context_precision_max": 0.9999999999,
        "context_precision_median": 0.9999999999,
        "context_recall_mean": 0.3333333333333333,
        "context_recall_std": 0.0,
        "context_recall_min": 0.3333333333333333,
        "context_recall_max": 0.3333333333333333,
        "context_recall_median": 0.3333333333333333
      }
    }
  ]
}