{
  "dense_k3": 0.7363924602975579,
  "dense_k5": 0.7363924602975579,
  "dense_k10": 0.7363924602975579,
  "bm25_k3": 28.84844790463312,
  "bm25_k5": 28.84844790463312,
  "bm25_k10": 28.84844790463312,
  "hybrid_k3": 0.0015422638885978469,
  "hybrid_k5": 0.0015422692741535844,
  "hybrid_k10": 0.0015422638885978469
}