{
  "dense_k3": 0.7599287095602463,
  "dense_k5": 0.7599287095602463,
  "dense_k10": 0.7599287095602463,
  "bm25_k3": 18.321837854143077,
  "bm25_k5": 18.321837854143077,
  "bm25_k10": 18.321837854143077,
  "hybrid_k3": 0.001545595054095827,
  "hybrid_k5": 0.001545595054095827,
  "hybrid_k10": 0.001545595054095827
}