{
  "dense_k3": 0.7549269082010576,
  "dense_k5": 0.7549269082010576,
  "dense_k10": 0.7549269082010576,
  "bm25_k3": 19.320652357403638,
  "bm25_k5": 19.320652357403638,
  "bm25_k10": 19.320652357403638,
  "hybrid_k3": 0.0015447851227721819,
  "hybrid_k5": 0.0015448326793169134,
  "hybrid_k10": 0.0015447851227721819
}