{
  "dense": {
    "mean": 576.3670100106133,
    "median": 643.6946392059326,
    "std": 123.6176454530811,
    "min": 363.8124465942383,
    "max": 810.9157085418701
  },
  "bm25": {
    "mean": 9.486587842305502,
    "median": 7.962584495544434,
    "std": 6.718182826628651,
    "min": 2.2602081298828125,
    "max": 57.816505432128906
  },
  "hybrid": {
    "mean": 409.868045647939,
    "median": 403.95140647888184,
    "std": 65.90876853835151,
    "min": 357.20157623291016,
    "max": 1078.9992809295654
  }
}