{
  "dense": {
    "mean": 659.999468907093,
    "median": 660.3033989667892,
    "std": 243.45316728932616,
    "min": 416.39447887428105,
    "max": 903.3005288802087
  },
  "bm25": {
    "mean": 3.6453974122802415,
    "median": 3.847939195111394,
    "std": 0.4333673069811947,
    "min": 3.1478439923375845,
    "max": 3.9404090493917465
  },
  "hybrid": {
    "mean": 437.89454898796976,
    "median": 402.1339040482417,
    "std": 84.63393729416177,
    "min": 384.39687294885516,
    "max": 562.9135149065405
  }
}