{
  "dense": {
    "mean": 730.7788860052824,
    "median": 669.1296750213951,
    "std": 120.6452286054746,
    "min": 653.4147569909692,
    "max": 869.7922260034829
  },
  "bm25": {
    "mean": 3.666175606970986,
    "median": 3.8383749779313803,
    "std": 0.8364552286365909,
    "min": 2.757021924480796,
    "max": 4.403129918500781
  },
  "hybrid": {
    "mean": 556.9648609380238,
    "median": 401.489891926758,
    "std": 318.1240410408048,
    "min": 390.79349604435265,
    "max": 1034.0861638542265
  }
}