{
  "dense": {
    "mean": 553.8008897099644,
    "median": 620.523639023304,
    "std": 126.91743443798671,
    "min": 377.20718001946807,
    "max": 675.1419059000909
  },
  "bm25": {
    "mean": 3.957336318368713,
    "median": 3.9056551177054644,
    "std": 1.389714325237283,
    "min": 2.097813878208399,
    "max": 5.718663800507784
  },
  "hybrid": {
    "mean": 461.69886760180816,
    "median": 398.07243703398854,
    "std": 202.19147788591266,
    "min": 364.2555698752403,
    "max": 1058.9117528870702
  }
}