{
  "dense": {
    "mean": 569.2988587543368,
    "median": 616.5546900592744,
    "std": 159.34947164450938,
    "min": 396.0306679364294,
    "max": 839.4130829256028
  },
  "bm25": {
    "mean": 4.030662511164944,
    "median": 3.6909969057887793,
    "std": 1.1121090165868137,
    "min": 2.539485925808549,
    "max": 5.51765295676887
  },
  "hybrid": {
    "mean": 405.2506135388588,
    "median": 401.1370553635061,
    "std": 25.801789498666825,
    "min": 374.7770187910646,
    "max": 460.67056292667985
  }
}