{
  "dense": {
    "mean": 559.8506720089871,
    "median": 639.2936499323696,
    "std": 136.5161622525606,
    "min": 375.0670861918479,
    "max": 1027.5208337698132
  },
  "bm25": {
    "mean": 8.423462047034668,
    "median": 7.3177015874534845,
    "std": 4.646757458350636,
    "min": 2.261579968035221,
    "max": 24.500553961843252
  },
  "hybrid": {
    "mean": 413.942556149171,
    "median": 404.7175016021356,
    "std": 53.03157077749383,
    "min": 364.75612805224955,
    "max": 751.691984012723
  }
}