{
  "dense": {
    "mean": 451.9188669510186,
    "median": 405.9235039167106,
    "std": 107.76368615967282,
    "min": 374.78497507981956,
    "max": 575.0481218565255
  },
  "bm25": {
    "mean": 2.60174802194039,
    "median": 2.645165892317891,
    "std": 0.17412233706844338,
    "min": 2.410025103017688,
    "max": 2.750053070485592
  },
  "hybrid": {
    "mean": 397.3638958996162,
    "median": 398.74067588243634,
    "std": 6.260927543837713,
    "min": 388.57188099063933,
    "max": 403.4023508429527
  }
}