{
  "dense": {
    "mean": 0.7363924602975579,
    "std": 0.017420856986113967
  },
  "bm25": {
    "mean": 28.84844790463312,
    "std": 11.525571812612293
  },
  "hybrid": {
    "mean": 0.0015422665813757156,
    "std": 3.6812312949889557e-06
  }
}