{
  "dense": {
    "mean": 0.7599287095602463,
    "std": 0.0
  },
  "bm25": {
    "mean": 18.321837854143077,
    "std": 0.0
  },
  "hybrid": {
    "mean": 0.001545595054095827,
    "std": 1.0842021724855044e-19
  }
}