{
  "dense": {
    "mean": 0.7549269082010576,
    "std": 0.013812408163468029
  },
  "bm25": {
    "mean": 19.320652357403638,
    "std": 2.1947115396285493
  },
  "hybrid": {
    "mean": 0.0015448089010445477,
    "std": 1.2485333325430464e-06
  }
}